name,age,city
Alice,25,Berlin
Bob,30,Hamburg
Charlie,28,Munich
Diana,22,Frankfurt
Edward,35,Cologne
Fatima,27,Stuttgart
George,40,Düsseldorf
Hannah,29,Leipzig
Ivan,31,Dresden
Julia,26,Bremen
Karim,33,Hanover
Laura,24,Nuremberg
Michael,38,Berlin
Nina,21,Hamburg
Omar,36,Munich
Paula,23,Frankfurt
Quentin,41,Cologne
Rania,28,Stuttgart
Sam,34,Düsseldorf
Tina,27,Leipzig
Umar,32,Dresden
Valeria,25,Bremen
William,37,Hanover
Xenia,29,Nuremberg
Yusuf,30,Berlin
Zara,22,Hamburg
Adam,39,Munich
Bianca,31,Frankfurt
Carlos,33,Cologne
Daniela,26,Stuttgart
Elias,28,Düsseldorf
Farah,35,Leipzig
Gustav,42,Dresden
Helena,24,Bremen
Ismail,29,Hanover
Jonas,34,Nuremberg
Klara,23,Berlin
Lars,38,Hamburg
Maya,27,Munich
Noah,31,Frankfurt
Olivia,26,Cologne
Petra,40,Stuttgart
Rashid,36,Düsseldorf
Sara,28,Leipzig
Tom,33,Dresden